time,host_cpu_%,host_ram_%,gpu_mem_MB,gpu_util_%,docker
13:05:33,0.0,64.5,150,0,kafka=0.85%/546.8MiB / 4.804GiB ; elasticsearch=0.35%/1.518GiB / 4.804GiB ; zookeeper=0.14%/91.29MiB / 4.804GiB
13:05:37,26.8,68.1,155,2,kafka=0.67%/546.3MiB / 4.804GiB ; elasticsearch=0.37%/1.518GiB / 4.804GiB ; zookeeper=0.12%/91.29MiB / 4.804GiB
13:05:41,19.7,68.9,158,1,kafka=0.73%/546.3MiB / 4.804GiB ; elasticsearch=0.41%/1.518GiB / 4.804GiB ; zookeeper=0.13%/91.29MiB / 4.804GiB
13:05:45,14.8,70.6,499,0,kafka=5.71%/546.6MiB / 4.804GiB ; elasticsearch=29.10%/1.519GiB / 4.804GiB ; zookeeper=0.47%/91.29MiB / 4.804GiB
13:05:50,17.0,72.3,523,6,kafka=0.79%/546.6MiB / 4.804GiB ; elasticsearch=6.66%/1.519GiB / 4.804GiB ; zookeeper=0.58%/91.29MiB / 4.804GiB
13:05:54,13.1,72.3,522,31,kafka=0.92%/546.4MiB / 4.804GiB ; elasticsearch=3.93%/1.519GiB / 4.804GiB ; zookeeper=0.50%/91.29MiB / 4.804GiB
13:05:59,21.2,72.3,526,33,kafka=0.55%/546.4MiB / 4.804GiB ; elasticsearch=3.81%/1.52GiB / 4.804GiB ; zookeeper=0.11%/91.29MiB / 4.804GiB
13:06:03,13.1,72.4,527,30,kafka=0.65%/546.4MiB / 4.804GiB ; elasticsearch=4.38%/1.52GiB / 4.804GiB ; zookeeper=0.11%/91.29MiB / 4.804GiB
13:06:07,19.1,72.4,523,28,kafka=1.60%/546.4MiB / 4.804GiB ; elasticsearch=18.72%/1.52GiB / 4.804GiB ; zookeeper=0.11%/91.29MiB / 4.804GiB
13:06:12,15.5,72.4,523,30,kafka=0.93%/546.4MiB / 4.804GiB ; elasticsearch=5.91%/1.52GiB / 4.804GiB ; zookeeper=0.15%/91.29MiB / 4.804GiB
13:06:15,16.0,72.7,522,30,kafka=0.54%/546.4MiB / 4.804GiB ; elasticsearch=2.49%/1.52GiB / 4.804GiB ; zookeeper=0.11%/91.29MiB / 4.804GiB
13:06:20,21.8,72.5,523,30,kafka=0.61%/546.4MiB / 4.804GiB ; elasticsearch=2.43%/1.52GiB / 4.804GiB ; zookeeper=0.11%/91.29MiB / 4.804GiB
13:06:24,14.7,72.6,518,32,kafka=0.59%/546.4MiB / 4.804GiB ; elasticsearch=2.62%/1.52GiB / 4.804GiB ; zookeeper=0.11%/91.29MiB / 4.804GiB
13:06:29,17.3,72.7,523,32,kafka=1.23%/546.4MiB / 4.804GiB ; elasticsearch=2.50%/1.52GiB / 4.804GiB ; zookeeper=0.09%/91.29MiB / 4.804GiB
13:06:33,16.0,72.7,522,31,kafka=0.66%/546.4MiB / 4.804GiB ; elasticsearch=2.60%/1.52GiB / 4.804GiB ; zookeeper=0.11%/91.29MiB / 4.804GiB
13:06:37,13.2,72.1,523,30,kafka=0.68%/546.4MiB / 4.804GiB ; elasticsearch=3.36%/1.52GiB / 4.804GiB ; zookeeper=0.14%/91.29MiB / 4.804GiB
13:06:42,23.7,72.6,526,28,kafka=0.73%/546.4MiB / 4.804GiB ; elasticsearch=4.85%/1.52GiB / 4.804GiB ; zookeeper=0.15%/91.29MiB / 4.804GiB
13:06:45,12.5,72.8,525,32,kafka=0.80%/546.4MiB / 4.804GiB ; elasticsearch=2.62%/1.52GiB / 4.804GiB ; zookeeper=0.57%/91.32MiB / 4.804GiB
13:06:50,12.3,72.6,523,29,kafka=40.01%/546.5MiB / 4.804GiB ; elasticsearch=2.88%/1.52GiB / 4.804GiB ; zookeeper=0.08%/91.29MiB / 4.804GiB
13:06:54,19.1,72.6,522,30,kafka=0.83%/546.5MiB / 4.804GiB ; elasticsearch=2.54%/1.52GiB / 4.804GiB ; zookeeper=0.11%/91.29MiB / 4.804GiB
13:06:59,12.4,72.6,524,29,kafka=0.80%/546.5MiB / 4.804GiB ; elasticsearch=2.38%/1.52GiB / 4.804GiB ; zookeeper=0.11%/91.29MiB / 4.804GiB
13:07:03,18.6,72.7,525,29,kafka=0.67%/546.5MiB / 4.804GiB ; elasticsearch=2.62%/1.52GiB / 4.804GiB ; zookeeper=0.12%/91.29MiB / 4.804GiB
13:07:07,14.3,72.3,526,28,kafka=0.91%/546.5MiB / 4.804GiB ; elasticsearch=3.06%/1.52GiB / 4.804GiB ; zookeeper=0.17%/91.29MiB / 4.804GiB
13:07:12,14.4,72.3,527,30,kafka=165.56%/621.1MiB / 4.804GiB ; elasticsearch=2.13%/1.52GiB / 4.804GiB ; zookeeper=0.11%/91.29MiB / 4.804GiB
13:07:16,24.3,73.1,526,29,kafka=0.72%/546.5MiB / 4.804GiB ; elasticsearch=2.48%/1.52GiB / 4.804GiB ; zookeeper=0.11%/91.29MiB / 4.804GiB
13:07:20,16.3,72.7,527,32,kafka=0.60%/546.5MiB / 4.804GiB ; elasticsearch=2.66%/1.52GiB / 4.804GiB ; zookeeper=2.97%/95.19MiB / 4.804GiB
13:07:25,17.8,72.7,526,31,kafka=0.65%/546.5MiB / 4.804GiB ; elasticsearch=2.76%/1.52GiB / 4.804GiB ; zookeeper=0.33%/95.19MiB / 4.804GiB
13:07:29,13.1,72.8,526,30,kafka=0.63%/546.5MiB / 4.804GiB ; elasticsearch=2.40%/1.52GiB / 4.804GiB ; zookeeper=0.09%/95.19MiB / 4.804GiB
13:07:34,15.0,72.8,524,29,kafka=110.85%/621.4MiB / 4.804GiB ; elasticsearch=2.95%/1.52GiB / 4.804GiB ; zookeeper=0.10%/95.19MiB / 4.804GiB
13:07:37,17.8,72.7,522,30,kafka=0.65%/546.7MiB / 4.804GiB ; elasticsearch=2.97%/1.52GiB / 4.804GiB ; zookeeper=0.55%/95.19MiB / 4.804GiB
13:07:42,14.1,72.7,523,29,kafka=0.76%/546.7MiB / 4.804GiB ; elasticsearch=3.00%/1.52GiB / 4.804GiB ; zookeeper=0.21%/95.19MiB / 4.804GiB
13:07:46,18.9,73.0,522,30,kafka=0.86%/546.7MiB / 4.804GiB ; elasticsearch=2.45%/1.52GiB / 4.804GiB ; zookeeper=0.14%/95.19MiB / 4.804GiB
13:07:50,14.7,72.8,522,32,kafka=0.75%/547.5MiB / 4.804GiB ; elasticsearch=2.66%/1.52GiB / 4.804GiB ; zookeeper=0.10%/95.19MiB / 4.804GiB
13:07:55,12.1,72.8,522,31,kafka=174.61%/620.5MiB / 4.804GiB ; elasticsearch=2.61%/1.52GiB / 4.804GiB ; zookeeper=0.11%/95.19MiB / 4.804GiB
13:07:59,21.2,72.9,526,30,kafka=0.65%/547.5MiB / 4.804GiB ; elasticsearch=2.75%/1.52GiB / 4.804GiB ; zookeeper=0.08%/95.19MiB / 4.804GiB
13:08:04,12.1,72.9,526,29,kafka=0.89%/547.5MiB / 4.804GiB ; elasticsearch=3.38%/1.52GiB / 4.804GiB ; zookeeper=0.26%/95.2MiB / 4.804GiB
13:08:07,20.6,72.8,524,29,kafka=0.95%/547.6MiB / 4.804GiB ; elasticsearch=3.11%/1.52GiB / 4.804GiB ; zookeeper=0.13%/95.2MiB / 4.804GiB
13:08:12,13.1,72.8,524,28,kafka=0.91%/547.6MiB / 4.804GiB ; elasticsearch=2.92%/1.52GiB / 4.804GiB ; zookeeper=0.12%/95.2MiB / 4.804GiB
13:08:16,13.3,73.0,523,29,kafka=149.07%/622.2MiB / 4.804GiB ; elasticsearch=2.38%/1.52GiB / 4.804GiB ; zookeeper=0.10%/95.2MiB / 4.804GiB
13:08:20,23.9,72.7,522,32,kafka=0.53%/547.6MiB / 4.804GiB ; elasticsearch=2.68%/1.52GiB / 4.804GiB ; zookeeper=0.43%/95.2MiB / 4.804GiB
13:08:25,12.2,72.7,517,27,kafka=0.84%/547.6MiB / 4.804GiB ; elasticsearch=2.41%/1.52GiB / 4.804GiB ; zookeeper=0.61%/95.2MiB / 4.804GiB
13:08:29,23.7,72.7,526,29,kafka=0.51%/547.6MiB / 4.804GiB ; elasticsearch=3.13%/1.52GiB / 4.804GiB ; zookeeper=0.52%/95.2MiB / 4.804GiB
13:08:34,13.6,72.7,526,33,kafka=0.70%/547.6MiB / 4.804GiB ; elasticsearch=2.92%/1.52GiB / 4.804GiB ; zookeeper=0.47%/95.2MiB / 4.804GiB
13:08:37,14.4,72.3,522,28,kafka=140.57%/621.3MiB / 4.804GiB ; elasticsearch=2.15%/1.52GiB / 4.804GiB ; zookeeper=0.43%/95.2MiB / 4.804GiB
13:08:42,21.4,72.7,522,28,kafka=0.68%/547.6MiB / 4.804GiB ; elasticsearch=2.56%/1.52GiB / 4.804GiB ; zookeeper=0.21%/95.19MiB / 4.804GiB
13:08:46,10.9,72.9,521,28,kafka=0.79%/547.6MiB / 4.804GiB ; elasticsearch=4.43%/1.52GiB / 4.804GiB ; zookeeper=0.12%/95.2MiB / 4.804GiB
13:08:50,24.4,72.7,522,33,kafka=0.64%/547.6MiB / 4.804GiB ; elasticsearch=2.54%/1.52GiB / 4.804GiB ; zookeeper=0.12%/95.19MiB / 4.804GiB
13:08:55,11.0,72.7,522,28,kafka=0.77%/547.6MiB / 4.804GiB ; elasticsearch=2.64%/1.52GiB / 4.804GiB ; zookeeper=0.10%/95.2MiB / 4.804GiB
13:08:59,13.7,72.7,523,31,kafka=80.90%/547.7MiB / 4.804GiB ; elasticsearch=2.91%/1.52GiB / 4.804GiB ; zookeeper=0.16%/95.19MiB / 4.804GiB
13:09:04,18.0,72.7,524,29,kafka=0.77%/547.6MiB / 4.804GiB ; elasticsearch=8.40%/1.52GiB / 4.804GiB ; zookeeper=0.12%/95.2MiB / 4.804GiB
13:09:07,13.2,72.5,523,29,kafka=0.89%/547.6MiB / 4.804GiB ; elasticsearch=4.96%/1.52GiB / 4.804GiB ; zookeeper=0.11%/95.2MiB / 4.804GiB
13:09:12,21.8,72.6,523,28,kafka=0.55%/547.6MiB / 4.804GiB ; elasticsearch=2.61%/1.52GiB / 4.804GiB ; zookeeper=0.11%/95.2MiB / 4.804GiB
13:09:16,14.2,72.8,520,32,kafka=0.72%/547.6MiB / 4.804GiB ; elasticsearch=2.69%/1.52GiB / 4.804GiB ; zookeeper=0.11%/95.19MiB / 4.804GiB
13:09:20,18.2,72.6,526,33,kafka=35.62%/575.3MiB / 4.804GiB ; elasticsearch=2.64%/1.52GiB / 4.804GiB ; zookeeper=0.43%/95.19MiB / 4.804GiB
13:09:25,19.2,72.7,525,28,kafka=0.55%/547.3MiB / 4.804GiB ; elasticsearch=3.65%/1.52GiB / 4.804GiB ; zookeeper=0.10%/95.18MiB / 4.804GiB
13:09:29,16.6,72.8,522,32,kafka=0.56%/547.3MiB / 4.804GiB ; elasticsearch=2.53%/1.52GiB / 4.804GiB ; zookeeper=0.09%/95.19MiB / 4.804GiB
13:09:34,19.8,72.8,523,30,kafka=0.87%/547.3MiB / 4.804GiB ; elasticsearch=2.53%/1.52GiB / 4.804GiB ; zookeeper=0.10%/95.19MiB / 4.804GiB
13:09:37,14.2,72.6,520,33,kafka=0.70%/547.4MiB / 4.804GiB ; elasticsearch=2.56%/1.52GiB / 4.804GiB ; zookeeper=0.19%/95.2MiB / 4.804GiB
13:09:42,13.3,72.6,522,34,kafka=84.02%/587.2MiB / 4.804GiB ; elasticsearch=4.42%/1.52GiB / 4.804GiB ; zookeeper=0.09%/95.2MiB / 4.804GiB
13:09:46,19.0,73.0,521,28,kafka=0.78%/547.5MiB / 4.804GiB ; elasticsearch=2.46%/1.52GiB / 4.804GiB ; zookeeper=0.12%/95.2MiB / 4.804GiB
13:09:50,14.8,72.8,523,34,kafka=0.58%/547.5MiB / 4.804GiB ; elasticsearch=4.00%/1.52GiB / 4.804GiB ; zookeeper=0.11%/95.2MiB / 4.804GiB
13:09:55,17.3,72.9,523,30,kafka=0.96%/548.3MiB / 4.804GiB ; elasticsearch=2.66%/1.52GiB / 4.804GiB ; zookeeper=0.18%/95.2MiB / 4.804GiB
13:09:59,14.5,72.9,524,31,kafka=0.96%/548.3MiB / 4.804GiB ; elasticsearch=2.34%/1.52GiB / 4.804GiB ; zookeeper=0.11%/95.2MiB / 4.804GiB
13:10:04,13.8,72.9,526,29,kafka=133.73%/603.9MiB / 4.804GiB ; elasticsearch=2.06%/1.52GiB / 4.804GiB ; zookeeper=0.11%/95.2MiB / 4.804GiB
13:10:07,19.5,72.7,525,29,kafka=0.76%/548.4MiB / 4.804GiB ; elasticsearch=2.62%/1.52GiB / 4.804GiB ; zookeeper=0.11%/95.2MiB / 4.804GiB
13:10:12,13.2,72.8,524,29,kafka=0.89%/548.4MiB / 4.804GiB ; elasticsearch=2.55%/1.521GiB / 4.804GiB ; zookeeper=0.73%/95.2MiB / 4.804GiB
13:10:16,18.4,73.0,522,31,kafka=0.78%/548.4MiB / 4.804GiB ; elasticsearch=2.52%/1.52GiB / 4.804GiB ; zookeeper=0.61%/95.21MiB / 4.804GiB
13:10:20,18.9,72.8,524,29,kafka=0.62%/548.4MiB / 4.804GiB ; elasticsearch=3.10%/1.521GiB / 4.804GiB ; zookeeper=0.11%/95.21MiB / 4.804GiB
13:10:25,10.4,72.8,522,29,kafka=187.59%/627.9MiB / 4.804GiB ; elasticsearch=2.51%/1.52GiB / 4.804GiB ; zookeeper=0.11%/95.2MiB / 4.804GiB
13:10:29,20.5,72.8,526,31,kafka=1.00%/548.4MiB / 4.804GiB ; elasticsearch=2.28%/1.521GiB / 4.804GiB ; zookeeper=0.48%/95.2MiB / 4.804GiB
13:10:34,11.5,72.8,525,28,kafka=0.69%/548.4MiB / 4.804GiB ; elasticsearch=2.61%/1.521GiB / 4.804GiB ; zookeeper=0.23%/95.45MiB / 4.804GiB
13:10:37,19.6,72.6,524,28,kafka=0.64%/548.4MiB / 4.804GiB ; elasticsearch=2.45%/1.521GiB / 4.804GiB ; zookeeper=0.12%/95.2MiB / 4.804GiB
13:10:42,14.9,72.8,524,29,kafka=0.65%/548.4MiB / 4.804GiB ; elasticsearch=2.64%/1.52GiB / 4.804GiB ; zookeeper=0.12%/95.2MiB / 4.804GiB
13:10:46,13.8,73.0,523,31,kafka=128.67%/602.2MiB / 4.804GiB ; elasticsearch=3.55%/1.52GiB / 4.804GiB ; zookeeper=0.07%/95.2MiB / 4.804GiB
13:10:50,23.2,72.9,522,29,kafka=0.75%/548.4MiB / 4.804GiB ; elasticsearch=3.12%/1.521GiB / 4.804GiB ; zookeeper=0.12%/95.21MiB / 4.804GiB
13:10:55,15.4,73.1,522,30,kafka=0.91%/548.4MiB / 4.804GiB ; elasticsearch=2.69%/1.52GiB / 4.804GiB ; zookeeper=0.10%/95.21MiB / 4.804GiB
13:10:59,20.7,73.1,523,29,kafka=0.70%/548.4MiB / 4.804GiB ; elasticsearch=2.48%/1.521GiB / 4.804GiB ; zookeeper=0.10%/95.21MiB / 4.804GiB
13:11:04,20.1,73.3,522,30,kafka=0.78%/548.4MiB / 4.804GiB ; elasticsearch=2.73%/1.521GiB / 4.804GiB ; zookeeper=0.12%/95.21MiB / 4.804GiB
13:11:07,13.4,73.0,522,27,kafka=158.17%/608.4MiB / 4.804GiB ; elasticsearch=2.11%/1.52GiB / 4.804GiB ; zookeeper=0.08%/95.21MiB / 4.804GiB
13:11:12,21.0,73.3,524,30,kafka=0.90%/548.4MiB / 4.804GiB ; elasticsearch=2.81%/1.521GiB / 4.804GiB ; zookeeper=0.13%/95.86MiB / 4.804GiB
13:11:16,13.0,73.5,523,32,kafka=0.74%/548.4MiB / 4.804GiB ; elasticsearch=2.80%/1.52GiB / 4.804GiB ; zookeeper=0.54%/95.25MiB / 4.804GiB
13:11:20,22.1,73.4,524,30,kafka=0.57%/548.4MiB / 4.804GiB ; elasticsearch=2.32%/1.521GiB / 4.804GiB ; zookeeper=0.10%/95.32MiB / 4.804GiB
13:11:25,15.4,73.4,524,29,kafka=0.69%/548.4MiB / 4.804GiB ; elasticsearch=2.52%/1.521GiB / 4.804GiB ; zookeeper=0.10%/95.32MiB / 4.804GiB
13:11:29,12.9,73.4,524,32,kafka=180.89%/630.1MiB / 4.804GiB ; elasticsearch=2.17%/1.52GiB / 4.804GiB ; zookeeper=0.22%/95.31MiB / 4.804GiB
13:11:34,18.1,73.5,524,28,kafka=0.64%/548.4MiB / 4.804GiB ; elasticsearch=2.71%/1.52GiB / 4.804GiB ; zookeeper=0.20%/95.43MiB / 4.804GiB
13:11:37,13.7,72.9,522,27,kafka=0.67%/548.4MiB / 4.804GiB ; elasticsearch=2.64%/1.521GiB / 4.804GiB ; zookeeper=0.10%/95.43MiB / 4.804GiB
13:11:42,20.8,73.1,522,30,kafka=0.63%/548.5MiB / 4.804GiB ; elasticsearch=4.34%/1.521GiB / 4.804GiB ; zookeeper=0.09%/95.43MiB / 4.804GiB
13:11:46,12.3,73.4,521,30,kafka=0.90%/548.5MiB / 4.804GiB ; elasticsearch=2.67%/1.52GiB / 4.804GiB ; zookeeper=0.11%/95.43MiB / 4.804GiB
13:11:50,13.5,73.2,522,31,kafka=98.37%/593.1MiB / 4.804GiB ; elasticsearch=2.74%/1.52GiB / 4.804GiB ; zookeeper=0.12%/95.43MiB / 4.804GiB
13:11:55,16.5,73.2,522,30,kafka=1.27%/549.4MiB / 4.804GiB ; elasticsearch=2.74%/1.521GiB / 4.804GiB ; zookeeper=0.11%/95.43MiB / 4.804GiB
13:11:59,14.0,73.1,524,32,kafka=0.75%/549.4MiB / 4.804GiB ; elasticsearch=2.74%/1.52GiB / 4.804GiB ; zookeeper=0.53%/95.44MiB / 4.804GiB
13:12:04,18.9,73.2,524,30,kafka=0.78%/549.4MiB / 4.804GiB ; elasticsearch=2.60%/1.521GiB / 4.804GiB ; zookeeper=0.10%/95.44MiB / 4.804GiB
13:12:07,13.1,72.8,524,27,kafka=0.81%/549.4MiB / 4.804GiB ; elasticsearch=2.57%/1.52GiB / 4.804GiB ; zookeeper=0.52%/95.44MiB / 4.804GiB
13:12:12,15.0,72.9,524,30,kafka=0.54%/549.4MiB / 4.804GiB ; elasticsearch=2.49%/1.521GiB / 4.804GiB ; zookeeper=0.60%/95.43MiB / 4.804GiB
13:12:16,18.2,73.3,521,30,kafka=0.80%/549.4MiB / 4.804GiB ; elasticsearch=2.57%/1.521GiB / 4.804GiB ; zookeeper=0.10%/95.43MiB / 4.804GiB
13:12:20,13.4,73.1,525,29,kafka=1.58%/549.4MiB / 4.804GiB ; elasticsearch=2.41%/1.521GiB / 4.804GiB ; zookeeper=0.10%/95.44MiB / 4.804GiB
13:12:25,19.4,73.1,525,29,kafka=0.66%/549.4MiB / 4.804GiB ; elasticsearch=7.40%/1.521GiB / 4.804GiB ; zookeeper=0.10%/95.43MiB / 4.804GiB
13:12:29,17.6,73.3,524,31,kafka=0.53%/549.4MiB / 4.804GiB ; elasticsearch=2.62%/1.521GiB / 4.804GiB ; zookeeper=0.11%/95.44MiB / 4.804GiB
13:12:34,12.7,73.3,522,30,kafka=162.74%/623.6MiB / 4.804GiB ; elasticsearch=2.14%/1.521GiB / 4.804GiB ; zookeeper=0.10%/95.44MiB / 4.804GiB
13:12:37,19.1,73.2,524,30,kafka=0.58%/549.4MiB / 4.804GiB ; elasticsearch=4.69%/1.521GiB / 4.804GiB ; zookeeper=0.14%/95.44MiB / 4.804GiB
13:12:42,15.0,73.3,524,31,kafka=0.75%/549.4MiB / 4.804GiB ; elasticsearch=2.69%/1.521GiB / 4.804GiB ; zookeeper=0.12%/95.44MiB / 4.804GiB
13:12:46,18.4,73.6,520,33,kafka=1.47%/549.4MiB / 4.804GiB ; elasticsearch=2.66%/1.521GiB / 4.804GiB ; zookeeper=0.22%/95.43MiB / 4.804GiB
13:12:50,16.1,73.4,522,31,kafka=0.68%/549.4MiB / 4.804GiB ; elasticsearch=2.56%/1.521GiB / 4.804GiB ; zookeeper=0.51%/95.44MiB / 4.804GiB
13:12:55,10.2,73.4,522,28,kafka=112.71%/597.2MiB / 4.804GiB ; elasticsearch=2.28%/1.521GiB / 4.804GiB ; zookeeper=0.48%/95.44MiB / 4.804GiB
13:12:59,19.2,73.4,524,30,kafka=0.81%/549.4MiB / 4.804GiB ; elasticsearch=2.37%/1.522GiB / 4.804GiB ; zookeeper=0.71%/95.47MiB / 4.804GiB
13:13:04,12.6,73.4,524,29,kafka=0.83%/549.4MiB / 4.804GiB ; elasticsearch=2.49%/1.521GiB / 4.804GiB ; zookeeper=0.53%/95.44MiB / 4.804GiB
13:13:07,19.6,73.3,524,29,kafka=0.95%/549.4MiB / 4.804GiB ; elasticsearch=3.23%/1.521GiB / 4.804GiB ; zookeeper=0.17%/95.43MiB / 4.804GiB
13:13:12,13.2,73.4,526,31,kafka=0.61%/549.4MiB / 4.804GiB ; elasticsearch=2.58%/1.521GiB / 4.804GiB ; zookeeper=0.11%/95.44MiB / 4.804GiB
13:13:16,13.6,73.5,524,30,kafka=29.07%/572.9MiB / 4.804GiB ; elasticsearch=2.26%/1.521GiB / 4.804GiB ; zookeeper=0.11%/95.43MiB / 4.804GiB
13:13:20,20.7,73.3,526,30,kafka=0.80%/549.5MiB / 4.804GiB ; elasticsearch=8.26%/1.522GiB / 4.804GiB ; zookeeper=0.22%/95.43MiB / 4.804GiB
13:13:25,14.2,73.3,524,28,kafka=0.56%/549.5MiB / 4.804GiB ; elasticsearch=2.73%/1.522GiB / 4.804GiB ; zookeeper=0.18%/95.43MiB / 4.804GiB
13:13:29,17.8,73.3,522,31,kafka=24.84%/549.5MiB / 4.804GiB ; elasticsearch=2.41%/1.522GiB / 4.804GiB ; zookeeper=0.12%/95.44MiB / 4.804GiB
13:13:34,14.2,73.3,522,29,kafka=0.61%/549.5MiB / 4.804GiB ; elasticsearch=3.09%/1.521GiB / 4.804GiB ; zookeeper=0.12%/95.44MiB / 4.804GiB
13:13:37,14.3,72.9,523,30,kafka=58.31%/583.5MiB / 4.804GiB ; elasticsearch=2.27%/1.521GiB / 4.804GiB ; zookeeper=0.09%/95.44MiB / 4.804GiB
13:13:42,20.6,73.3,522,30,kafka=0.80%/549.5MiB / 4.804GiB ; elasticsearch=2.56%/1.522GiB / 4.804GiB ; zookeeper=0.10%/95.43MiB / 4.804GiB
13:13:46,11.8,73.6,522,29,kafka=0.78%/549.6MiB / 4.804GiB ; elasticsearch=16.20%/1.522GiB / 4.804GiB ; zookeeper=0.11%/95.44MiB / 4.804GiB
13:13:50,17.2,73.4,526,29,kafka=0.70%/549.6MiB / 4.804GiB ; elasticsearch=3.74%/1.522GiB / 4.804GiB ; zookeeper=0.11%/95.43MiB / 4.804GiB
13:13:55,14.8,73.4,526,28,kafka=0.81%/549.6MiB / 4.804GiB ; elasticsearch=2.59%/1.522GiB / 4.804GiB ; zookeeper=0.11%/95.44MiB / 4.804GiB
13:13:59,13.2,73.4,522,33,kafka=1.04%/550.5MiB / 4.804GiB ; elasticsearch=4.97%/1.522GiB / 4.804GiB ; zookeeper=0.44%/95.44MiB / 4.804GiB
13:14:04,20.8,73.4,523,29,kafka=0.77%/550.5MiB / 4.804GiB ; elasticsearch=9.40%/1.522GiB / 4.804GiB ; zookeeper=0.52%/95.44MiB / 4.804GiB
13:14:07,14.2,73.0,525,32,kafka=0.85%/550.5MiB / 4.804GiB ; elasticsearch=2.45%/1.522GiB / 4.804GiB ; zookeeper=0.10%/95.44MiB / 4.804GiB
13:14:12,18.6,73.2,527,32,kafka=0.83%/550.5MiB / 4.804GiB ; elasticsearch=4.31%/1.522GiB / 4.804GiB ; zookeeper=0.11%/95.44MiB / 4.804GiB
13:14:16,14.8,73.6,526,28,kafka=0.80%/550.5MiB / 4.804GiB ; elasticsearch=8.34%/1.522GiB / 4.804GiB ; zookeeper=0.10%/95.43MiB / 4.804GiB
13:14:20,14.6,73.4,526,31,kafka=0.62%/550.5MiB / 4.804GiB ; elasticsearch=2.40%/1.522GiB / 4.804GiB ; zookeeper=0.16%/95.43MiB / 4.804GiB
13:14:25,20.4,73.4,526,31,kafka=0.78%/550.5MiB / 4.804GiB ; elasticsearch=2.82%/1.522GiB / 4.804GiB ; zookeeper=0.12%/95.44MiB / 4.804GiB
13:14:29,12.7,73.4,526,30,kafka=0.62%/550.5MiB / 4.804GiB ; elasticsearch=6.96%/1.522GiB / 4.804GiB ; zookeeper=0.18%/95.44MiB / 4.804GiB
13:14:34,17.4,73.4,524,32,kafka=8.63%/549.7MiB / 4.804GiB ; elasticsearch=2.65%/1.522GiB / 4.804GiB ; zookeeper=0.11%/95.43MiB / 4.804GiB
13:14:38,14.8,73.1,523,30,kafka=0.69%/549.7MiB / 4.804GiB ; elasticsearch=5.53%/1.522GiB / 4.804GiB ; zookeeper=0.11%/95.44MiB / 4.804GiB
13:14:42,14.4,73.2,523,28,kafka=76.04%/586MiB / 4.804GiB ; elasticsearch=2.60%/1.522GiB / 4.804GiB ; zookeeper=0.48%/95.44MiB / 4.804GiB
13:14:46,18.5,73.6,520,29,kafka=0.76%/549.8MiB / 4.804GiB ; elasticsearch=2.47%/1.522GiB / 4.804GiB ; zookeeper=0.48%/95.44MiB / 4.804GiB
13:14:50,16.0,73.3,522,29,kafka=0.69%/549.8MiB / 4.804GiB ; elasticsearch=2.58%/1.522GiB / 4.804GiB ; zookeeper=0.53%/95.48MiB / 4.804GiB
13:14:55,12.2,73.3,524,28,kafka=91.67%/549.8MiB / 4.804GiB ; elasticsearch=7.22%/1.522GiB / 4.804GiB ; zookeeper=0.47%/95.44MiB / 4.804GiB
13:14:59,15.7,73.4,526,31,kafka=0.78%/549.8MiB / 4.804GiB ; elasticsearch=19.33%/1.522GiB / 4.804GiB ; zookeeper=0.52%/95.54MiB / 4.804GiB
13:15:04,13.1,73.4,524,31,kafka=138.78%/610.8MiB / 4.804GiB ; elasticsearch=2.24%/1.522GiB / 4.804GiB ; zookeeper=0.11%/95.44MiB / 4.804GiB
13:15:08,20.8,73.4,524,30,kafka=0.87%/549.8MiB / 4.804GiB ; elasticsearch=6.20%/1.522GiB / 4.804GiB ; zookeeper=0.10%/95.43MiB / 4.804GiB
13:15:12,14.1,73.5,524,30,kafka=0.78%/549.8MiB / 4.804GiB ; elasticsearch=3.02%/1.522GiB / 4.804GiB ; zookeeper=0.11%/95.44MiB / 4.804GiB
13:15:16,16.3,73.7,526,29,kafka=26.29%/549.8MiB / 4.804GiB ; elasticsearch=2.48%/1.522GiB / 4.804GiB ; zookeeper=0.11%/95.43MiB / 4.804GiB
13:15:20,24.6,73.7,527,29,kafka=0.73%/549.8MiB / 4.804GiB ; elasticsearch=18.79%/1.522GiB / 4.804GiB ; zookeeper=0.12%/95.44MiB / 4.804GiB
13:15:25,17.7,72.5,519,30,kafka=41.66%/579.6MiB / 4.804GiB ; elasticsearch=3.25%/1.522GiB / 4.804GiB ; zookeeper=0.12%/95.44MiB / 4.804GiB
13:15:29,22.2,72.6,516,30,kafka=0.61%/549.8MiB / 4.804GiB ; elasticsearch=2.94%/1.522GiB / 4.804GiB ; zookeeper=0.12%/95.44MiB / 4.804GiB
13:15:34,11.0,72.5,516,32,kafka=0.61%/549.8MiB / 4.804GiB ; elasticsearch=4.44%/1.522GiB / 4.804GiB ; zookeeper=0.10%/95.44MiB / 4.804GiB
13:15:38,19.2,72.3,514,35,kafka=1.64%/549MiB / 4.804GiB ; elasticsearch=2.45%/1.522GiB / 4.804GiB ; zookeeper=0.18%/95.33MiB / 4.804GiB
13:15:42,15.2,72.5,515,34,kafka=0.75%/549MiB / 4.804GiB ; elasticsearch=2.58%/1.522GiB / 4.804GiB ; zookeeper=0.12%/95.33MiB / 4.804GiB
13:15:46,13.3,72.8,516,29,kafka=0.69%/549MiB / 4.804GiB ; elasticsearch=2.88%/1.522GiB / 4.804GiB ; zookeeper=0.12%/95.43MiB / 4.804GiB
13:15:50,19.6,72.6,516,33,kafka=0.79%/549.2MiB / 4.804GiB ; elasticsearch=2.46%/1.522GiB / 4.804GiB ; zookeeper=0.10%/95.44MiB / 4.804GiB
13:15:55,12.0,72.6,514,31,kafka=0.72%/549.2MiB / 4.804GiB ; elasticsearch=5.44%/1.522GiB / 4.804GiB ; zookeeper=0.34%/95.44MiB / 4.804GiB
13:15:59,14.8,72.6,517,33,kafka=1.49%/549.2MiB / 4.804GiB ; elasticsearch=3.79%/1.522GiB / 4.804GiB ; zookeeper=0.09%/95.44MiB / 4.804GiB
13:16:04,20.3,72.7,517,31,kafka=0.80%/550MiB / 4.804GiB ; elasticsearch=2.62%/1.522GiB / 4.804GiB ; zookeeper=0.10%/95.44MiB / 4.804GiB
13:16:08,12.1,72.4,513,29,kafka=0.95%/550MiB / 4.804GiB ; elasticsearch=2.62%/1.522GiB / 4.804GiB ; zookeeper=0.11%/95.44MiB / 4.804GiB
13:16:12,23.5,72.7,515,29,kafka=0.69%/550MiB / 4.804GiB ; elasticsearch=2.51%/1.522GiB / 4.804GiB ; zookeeper=0.19%/95.43MiB / 4.804GiB
13:16:16,13.3,72.9,514,29,kafka=0.83%/550MiB / 4.804GiB ; elasticsearch=2.77%/1.522GiB / 4.804GiB ; zookeeper=0.22%/95.43MiB / 4.804GiB
13:16:20,12.4,72.5,517,30,kafka=165.15%/613.8MiB / 4.804GiB ; elasticsearch=4.62%/1.522GiB / 4.804GiB ; zookeeper=0.15%/95.43MiB / 4.804GiB
13:16:25,18.6,72.5,516,31,kafka=0.64%/550MiB / 4.804GiB ; elasticsearch=2.54%/1.522GiB / 4.804GiB ; zookeeper=0.48%/95.44MiB / 4.804GiB
13:16:29,17.2,72.5,515,36,kafka=14.21%/564MiB / 4.804GiB ; elasticsearch=4.77%/1.522GiB / 4.804GiB ; zookeeper=0.48%/95.44MiB / 4.804GiB
13:16:34,16.9,72.5,512,33,kafka=0.69%/550MiB / 4.804GiB ; elasticsearch=2.68%/1.522GiB / 4.804GiB ; zookeeper=0.13%/95.44MiB / 4.804GiB
13:16:38,11.6,72.1,513,28,kafka=0.66%/550MiB / 4.804GiB ; elasticsearch=2.54%/1.522GiB / 4.804GiB ; zookeeper=0.48%/95.44MiB / 4.804GiB
13:16:42,13.4,72.2,515,31,kafka=157.11%/625.3MiB / 4.804GiB ; elasticsearch=3.23%/1.523GiB / 4.804GiB ; zookeeper=0.08%/95.43MiB / 4.804GiB
13:16:46,18.1,72.6,514,29,kafka=0.71%/550MiB / 4.804GiB ; elasticsearch=3.70%/1.522GiB / 4.804GiB ; zookeeper=0.11%/95.43MiB / 4.804GiB
13:16:50,15.2,72.4,517,33,kafka=0.76%/550MiB / 4.804GiB ; elasticsearch=5.77%/1.522GiB / 4.804GiB ; zookeeper=0.20%/95.68MiB / 4.804GiB
13:16:55,18.1,72.4,518,35,kafka=0.59%/550MiB / 4.804GiB ; elasticsearch=2.71%/1.522GiB / 4.804GiB ; zookeeper=0.19%/95.43MiB / 4.804GiB
13:16:59,12.9,72.4,516,34,kafka=0.68%/550MiB / 4.804GiB ; elasticsearch=2.45%/1.522GiB / 4.804GiB ; zookeeper=0.12%/95.44MiB / 4.804GiB
13:17:04,15.0,72.4,515,28,kafka=0.77%/550MiB / 4.804GiB ; elasticsearch=2.55%/1.522GiB / 4.804GiB ; zookeeper=0.10%/95.55MiB / 4.804GiB
13:17:08,16.3,72.0,515,32,kafka=0.78%/550MiB / 4.804GiB ; elasticsearch=2.49%/1.522GiB / 4.804GiB ; zookeeper=0.11%/95.55MiB / 4.804GiB
13:17:12,13.2,72.0,517,29,kafka=0.80%/550MiB / 4.804GiB ; elasticsearch=2.63%/1.522GiB / 4.804GiB ; zookeeper=0.13%/95.55MiB / 4.804GiB
13:17:16,18.9,72.7,519,28,kafka=0.91%/550.1MiB / 4.804GiB ; elasticsearch=4.42%/1.522GiB / 4.804GiB ; zookeeper=0.11%/95.55MiB / 4.804GiB
13:17:20,15.3,72.4,516,33,kafka=0.73%/550.1MiB / 4.804GiB ; elasticsearch=2.48%/1.522GiB / 4.804GiB ; zookeeper=0.48%/95.56MiB / 4.804GiB
13:17:25,11.1,72.4,515,31,kafka=36.64%/550.1MiB / 4.804GiB ; elasticsearch=4.23%/1.522GiB / 4.804GiB ; zookeeper=0.50%/95.55MiB / 4.804GiB
13:17:29,30.9,72.5,517,31,kafka=0.75%/550.1MiB / 4.804GiB ; elasticsearch=2.50%/1.522GiB / 4.804GiB ; zookeeper=0.80%/95.55MiB / 4.804GiB
13:17:34,17.1,72.6,517,29,kafka=0.63%/550.1MiB / 4.804GiB ; elasticsearch=2.57%/1.522GiB / 4.804GiB ; zookeeper=0.60%/95.55MiB / 4.804GiB
13:17:38,19.4,72.5,513,27,kafka=0.72%/550.1MiB / 4.804GiB ; elasticsearch=2.66%/1.522GiB / 4.804GiB ; zookeeper=0.11%/95.55MiB / 4.804GiB
13:17:42,13.4,72.5,515,28,kafka=0.80%/550.1MiB / 4.804GiB ; elasticsearch=11.63%/1.523GiB / 4.804GiB ; zookeeper=0.12%/95.56MiB / 4.804GiB
13:17:46,10.7,72.8,514,0,kafka=117.36%/626.5MiB / 4.804GiB ; elasticsearch=0.28%/1.522GiB / 4.804GiB ; zookeeper=0.09%/95.55MiB / 4.804GiB
