node,pid,run_id,seq,topic,partition,offset,kafka_ts_ms,kafka_ts_type,t_recv_ms,infer_ms,es_ms,t_done_ms,label,confidence
WIX,13216,20260923-224113_p1_c1_r1,0,perf_20260923-224113_p1_c1_r1,0,0,1790196075001,0,1790196095288.029,692.351,486.252,1790196096468.65,Normal,0.9297
WIX,13216,20260923-224113_p1_c1_r1,1,perf_20260923-224113_p1_c1_r1,0,1,1790196075001,0,1790196096469.67,35.531,9.636,1790196096515.225,Normal,0.7349
WIX,13216,20260923-224113_p1_c1_r1,2,perf_20260923-224113_p1_c1_r1,0,2,1790196075001,0,1790196096515.225,40.008,49.32,1790196096604.552,Normal,0.9671
WIX,13216,20260923-224113_p1_c1_r1,3,perf_20260923-224113_p1_c1_r1,0,3,1790196075001,0,1790196096604.552,44.854,50.768,1790196096700.175,Normal,0.9646
WIX,13216,20260923-224113_p1_c1_r1,4,perf_20260923-224113_p1_c1_r1,0,4,1790196075001,0,1790196096701.173,40.709,52.974,1790196096794.855,Normal,0.958
WIX,13216,20260923-224113_p1_c1_r1,5,perf_20260923-224113_p1_c1_r1,0,5,1790196075001,0,1790196096794.855,37.491,55.073,1790196096887.419,Normal,0.9232
WIX,13216,20260923-224113_p1_c1_r1,6,perf_20260923-224113_p1_c1_r1,0,6,1790196075001,0,1790196096887.419,36.19,56.083,1790196096979.692,Normal,0.9512
WIX,13216,20260923-224113_p1_c1_r1,7,perf_20260923-224113_p1_c1_r1,0,7,1790196075001,0,1790196096979.692,33.731,49.637,1790196097063.061,Normal,0.9447
WIX,13216,20260923-224113_p1_c1_r1,8,perf_20260923-224113_p1_c1_r1,0,8,1790196075002,0,1790196097063.061,46.443,57.229,1790196097167.732,Normal,0.9543
WIX,13216,20260923-224113_p1_c1_r1,9,perf_20260923-224113_p1_c1_r1,0,9,1790196075002,0,1790196097167.732,38.743,50.332,1790196097258.36,Normal,0.9568
WIX,13216,20260923-224113_p1_c1_r1,10,perf_20260923-224113_p1_c1_r1,0,10,1790196075002,0,1790196097258.36,32.953,46.779,1790196097339.083,Normal,0.9717
WIX,13216,20260923-224113_p1_c1_r1,11,perf_20260923-224113_p1_c1_r1,0,11,1790196075002,0,1790196097340.103,70.266,49.715,1790196097460.084,Normal,0.9764
WIX,13216,20260923-224113_p1_c1_r1,12,perf_20260923-224113_p1_c1_r1,0,12,1790196075002,0,1790196097460.084,34.097,48.57,1790196097542.751,Normal,0.8661
WIX,13216,20260923-224113_p1_c1_r1,13,perf_20260923-224113_p1_c1_r1,0,13,1790196075002,0,1790196097543.757,32.837,46.854,1790196097623.448,Normal,0.9561
WIX,13216,20260923-224113_p1_c1_r1,14,perf_20260923-224113_p1_c1_r1,0,14,1790196075002,0,1790196097623.448,50.126,58.932,1790196097732.506,Normal,0.9731
WIX,13216,20260923-224113_p1_c1_r1,15,perf_20260923-224113_p1_c1_r1,0,15,1790196075002,0,1790196097733.076,30.442,47.177,1790196097811.69,Normal,0.9556
WIX,13216,20260923-224113_p1_c1_r1,16,perf_20260923-224113_p1_c1_r1,0,16,1790196075002,0,1790196097811.69,31.298,49.995,1790196097892.983,Normal,0.9494
WIX,13216,20260923-224113_p1_c1_r1,17,perf_20260923-224113_p1_c1_r1,0,17,1790196075002,0,1790196097892.983,26.655,53.704,1790196097973.343,Normal,0.9375
WIX,13216,20260923-224113_p1_c1_r1,18,perf_20260923-224113_p1_c1_r1,0,18,1790196075002,0,1790196097973.343,39.976,51.42,1790196098065.707,Normal,0.9665
WIX,13216,20260923-224113_p1_c1_r1,19,perf_20260923-224113_p1_c1_r1,0,19,1790196075002,0,1790196098066.73,32.233,51.173,1790196098150.136,Normal,0.9614
WIX,13216,20260923-224113_p1_c1_r1,20,perf_20260923-224113_p1_c1_r1,0,20,1790196075002,0,1790196098150.136,37.75,50.019,1790196098238.918,OFFENSIVE,0.6502
WIX,13216,20260923-224113_p1_c1_r1,21,perf_20260923-224113_p1_c1_r1,0,21,1790196075002,0,1790196098238.918,29.476,49.771,1790196098318.165,Normal,0.9557
WIX,13216,20260923-224113_p1_c1_r1,22,perf_20260923-224113_p1_c1_r1,0,22,1790196075002,0,1790196098318.165,29.984,52.918,1790196098401.067,Normal,0.9473
WIX,13216,20260923-224113_p1_c1_r1,23,perf_20260923-224113_p1_c1_r1,0,23,1790196075002,0,1790196098402.103,34.446,51.106,1790196098487.656,Normal,0.9606
WIX,13216,20260923-224113_p1_c1_r1,24,perf_20260923-224113_p1_c1_r1,0,24,1790196075002,0,1790196098488.656,33.609,52.326,1790196098575.819,Normal,0.9618
WIX,13216,20260923-224113_p1_c1_r1,25,perf_20260923-224113_p1_c1_r1,0,25,1790196075003,0,1790196098576.82,30.951,51.438,1790196098660.783,Normal,0.9572
WIX,13216,20260923-224113_p1_c1_r1,26,perf_20260923-224113_p1_c1_r1,0,26,1790196075003,0,1790196098660.783,40.625,48.664,1790196098750.072,Normal,0.9761
WIX,13216,20260923-224113_p1_c1_r1,27,perf_20260923-224113_p1_c1_r1,0,27,1790196075003,0,1790196098750.072,25.072,52.558,1790196098828.659,Normal,0.9401
WIX,13216,20260923-224113_p1_c1_r1,28,perf_20260923-224113_p1_c1_r1,0,28,1790196075003,0,1790196098829.696,27.369,53.716,1790196098912.592,Normal,0.9453
WIX,13216,20260923-224113_p1_c1_r1,29,perf_20260923-224113_p1_c1_r1,0,29,1790196075003,0,1790196098913.63,26.63,50.81,1790196098992.028,Normal,0.9274
WIX,13216,20260923-224113_p1_c1_r1,30,perf_20260923-224113_p1_c1_r1,0,30,1790196075003,0,1790196098992.028,34.48,51.335,1790196099078.837,Normal,0.8389
WIX,13216,20260923-224113_p1_c1_r1,31,perf_20260923-224113_p1_c1_r1,0,31,1790196075003,0,1790196099078.837,28.616,50.487,1790196099159.134,Normal,0.9427
WIX,13216,20260923-224113_p1_c1_r1,32,perf_20260923-224113_p1_c1_r1,0,32,1790196075003,0,1790196099159.134,29.933,49.002,1790196099239.07,Normal,0.9611
WIX,13216,20260923-224113_p1_c1_r1,33,perf_20260923-224113_p1_c1_r1,0,33,1790196075003,0,1790196099239.07,51.004,52.762,1790196099343.803,Normal,0.5226
WIX,13216,20260923-224113_p1_c1_r1,34,perf_20260923-224113_p1_c1_r1,0,34,1790196075003,0,1790196099343.803,26.017,48.535,1790196099419.422,Normal,0.9538
WIX,13216,20260923-224113_p1_c1_r1,35,perf_20260923-224113_p1_c1_r1,0,35,1790196075003,0,1790196099420.42,47.361,48.359,1790196099516.786,Normal,0.9443
WIX,13216,20260923-224113_p1_c1_r1,36,perf_20260923-224113_p1_c1_r1,0,36,1790196075003,0,1790196099516.786,25.634,49.053,1790196099592.448,Normal,0.8607
WIX,13216,20260923-224113_p1_c1_r1,37,perf_20260923-224113_p1_c1_r1,0,37,1790196075003,0,1790196099592.448,105.825,52.661,1790196099751.431,Normal,0.9762
WIX,13216,20260923-224113_p1_c1_r1,38,perf_20260923-224113_p1_c1_r1,0,38,1790196075003,0,1790196099752.448,55.246,52.724,1790196099860.788,Normal,0.9713
WIX,13216,20260923-224113_p1_c1_r1,39,perf_20260923-224113_p1_c1_r1,0,39,1790196075003,0,1790196099860.788,28.805,50.481,1790196099940.074,Normal,0.9037
WIX,13216,20260923-224113_p1_c1_r1,40,perf_20260923-224113_p1_c1_r1,0,40,1790196075003,0,1790196099941.066,26.307,50.31,1790196100017.684,Normal,0.9116
WIX,13216,20260923-224113_p1_c1_r1,41,perf_20260923-224113_p1_c1_r1,0,41,1790196075003,0,1790196100017.684,27.693,47.285,1790196100093.671,Normal,0.8093
WIX,13216,20260923-224113_p1_c1_r1,42,perf_20260923-224113_p1_c1_r1,0,42,1790196075004,0,1790196100093.671,28.067,51.219,1790196100173.969,Normal,0.9407
WIX,13216,20260923-224113_p1_c1_r1,43,perf_20260923-224113_p1_c1_r1,0,43,1790196075004,0,1790196100173.969,30.469,53.075,1790196100257.512,Normal,0.9402
WIX,13216,20260923-224113_p1_c1_r1,44,perf_20260923-224113_p1_c1_r1,0,44,1790196075004,0,1790196100258.51,26.181,47.304,1790196100333.271,Normal,0.903
WIX,13216,20260923-224113_p1_c1_r1,45,perf_20260923-224113_p1_c1_r1,0,45,1790196075004,0,1790196100333.271,29.71,48.257,1790196100412.232,Normal,0.965
WIX,13216,20260923-224113_p1_c1_r1,46,perf_20260923-224113_p1_c1_r1,0,46,1790196075004,0,1790196100412.232,40.895,49.628,1790196100503.747,Normal,0.9511
WIX,13216,20260923-224113_p1_c1_r1,47,perf_20260923-224113_p1_c1_r1,0,47,1790196075004,0,1790196100504.256,50.037,49.231,1790196100603.523,Normal,0.7212
WIX,13216,20260923-224113_p1_c1_r1,48,perf_20260923-224113_p1_c1_r1,0,48,1790196075004,0,1790196100603.523,28.236,55.214,1790196100686.973,Normal,0.9631
WIX,13216,20260923-224113_p1_c1_r1,49,perf_20260923-224113_p1_c1_r1,0,49,1790196075004,0,1790196100686.973,45.952,48.724,1790196100782.629,Normal,0.9562
WIX,13216,20260923-224113_p1_c1_r1,50,perf_20260923-224113_p1_c1_r1,0,50,1790196075004,0,1790196100783.666,25.864,52.412,1790196100862.548,Normal,0.9425
WIX,13216,20260923-224113_p1_c1_r1,51,perf_20260923-224113_p1_c1_r1,0,51,1790196075004,0,1790196100862.548,30.488,51.795,1790196100946.222,Normal,0.971
WIX,13216,20260923-224113_p1_c1_r1,52,perf_20260923-224113_p1_c1_r1,0,52,1790196075004,0,1790196100946.222,49.502,49.438,1790196101045.787,Normal,0.9705
WIX,13216,20260923-224113_p1_c1_r1,53,perf_20260923-224113_p1_c1_r1,0,53,1790196075004,0,1790196101046.779,44.197,51.026,1790196101142.968,Normal,0.9757
WIX,13216,20260923-224113_p1_c1_r1,54,perf_20260923-224113_p1_c1_r1,0,54,1790196075004,0,1790196101144.492,41.022,47.812,1790196101234.15,Normal,0.9389
WIX,13216,20260923-224113_p1_c1_r1,55,perf_20260923-224113_p1_c1_r1,0,55,1790196075004,0,1790196101235.184,34.643,51.445,1790196101321.273,Normal,0.9722
WIX,13216,20260923-224113_p1_c1_r1,56,perf_20260923-224113_p1_c1_r1,0,56,1790196075004,0,1790196101321.273,47.365,49.356,1790196101418.992,Normal,0.9773
WIX,13216,20260923-224113_p1_c1_r1,57,perf_20260923-224113_p1_c1_r1,0,57,1790196075004,0,1790196101420.009,29.535,53.869,1790196101503.413,Normal,0.9561
WIX,13216,20260923-224113_p1_c1_r1,58,perf_20260923-224113_p1_c1_r1,0,58,1790196075005,0,1790196101503.413,29.405,51.428,1790196101584.246,Normal,0.9324
WIX,13216,20260923-224113_p1_c1_r1,59,perf_20260923-224113_p1_c1_r1,0,59,1790196075005,0,1790196101584.246,25.311,50.521,1790196101661.929,Normal,0.9375
WIX,13216,20260923-224113_p1_c1_r1,60,perf_20260923-224113_p1_c1_r1,0,60,1790196075005,0,1790196101661.929,46.939,52.348,1790196101762.481,Normal,0.9437
WIX,13216,20260923-224113_p1_c1_r1,61,perf_20260923-224113_p1_c1_r1,0,61,1790196075005,0,1790196101762.481,29.533,50.808,1790196101843.469,Normal,0.8687
WIX,13216,20260923-224113_p1_c1_r1,62,perf_20260923-224113_p1_c1_r1,0,62,1790196075006,0,1790196101843.469,28.927,51.558,1790196101923.953,Normal,0.9572
WIX,13216,20260923-224113_p1_c1_r1,63,perf_20260923-224113_p1_c1_r1,0,63,1790196075014,0,1790196101924.999,26.229,49.039,1790196102000.267,Normal,0.9375
WIX,13216,20260923-224113_p1_c1_r1,64,perf_20260923-224113_p1_c1_r1,0,64,1790196075014,0,1790196102001.263,31.216,52.124,1790196102084.603,Normal,0.9682
WIX,13216,20260923-224113_p1_c1_r1,65,perf_20260923-224113_p1_c1_r1,0,65,1790196075014,0,1790196102084.603,32.196,52.014,1790196102169.807,Normal,0.7723
WIX,13216,20260923-224113_p1_c1_r1,66,perf_20260923-224113_p1_c1_r1,0,66,1790196075014,0,1790196102170.837,26.791,51.032,1790196102249.558,Normal,0.9431
WIX,13216,20260923-224113_p1_c1_r1,67,perf_20260923-224113_p1_c1_r1,0,67,1790196075014,0,1790196102249.558,27.637,49.965,1790196102328.179,Normal,0.9556
WIX,13216,20260923-224113_p1_c1_r1,68,perf_20260923-224113_p1_c1_r1,0,68,1790196075014,0,1790196102328.179,26.457,49.215,1790196102404.809,Normal,0.9419
WIX,13216,20260923-224113_p1_c1_r1,69,perf_20260923-224113_p1_c1_r1,0,69,1790196075014,0,1790196102404.809,35.63,53.77,1790196102494.672,OFFENSIVE,0.5735
WIX,13216,20260923-224113_p1_c1_r1,70,perf_20260923-224113_p1_c1_r1,0,70,1790196075014,0,1790196102494.672,38.642,49.145,1790196102583.406,Normal,0.9181
WIX,13216,20260923-224113_p1_c1_r1,71,perf_20260923-224113_p1_c1_r1,0,71,1790196075014,0,1790196102583.406,169.356,49.815,1790196102803.979,Normal,0.9805
WIX,13216,20260923-224113_p1_c1_r1,72,perf_20260923-224113_p1_c1_r1,0,72,1790196075014,0,1790196102803.979,106.92,48.953,1790196102960.681,Normal,0.9708
WIX,13216,20260923-224113_p1_c1_r1,73,perf_20260923-224113_p1_c1_r1,0,73,1790196075014,0,1790196102961.679,30.627,51.111,1790196103043.418,Normal,0.958
WIX,13216,20260923-224113_p1_c1_r1,74,perf_20260923-224113_p1_c1_r1,0,74,1790196075014,0,1790196103044.427,47.92,51.134,1790196103144.448,Normal,0.7756
WIX,13216,20260923-224113_p1_c1_r1,75,perf_20260923-224113_p1_c1_r1,0,75,1790196075014,0,1790196103145.441,24.673,52.578,1790196103223.657,Normal,0.9126
WIX,13216,20260923-224113_p1_c1_r1,76,perf_20260923-224113_p1_c1_r1,0,76,1790196075014,0,1790196103223.657,189.889,46.947,1790196103460.493,Normal,0.9762
WIX,13216,20260923-224113_p1_c1_r1,77,perf_20260923-224113_p1_c1_r1,0,77,1790196075014,0,1790196103460.493,48.565,46.324,1790196103556.081,Normal,0.9729
WIX,13216,20260923-224113_p1_c1_r1,78,perf_20260923-224113_p1_c1_r1,0,78,1790196075015,0,1790196103557.08,35.427,48.099,1790196103640.605,Normal,0.9599
WIX,13216,20260923-224113_p1_c1_r1,79,perf_20260923-224113_p1_c1_r1,0,79,1790196075015,0,1790196103641.634,26.378,48.297,1790196103717.275,Normal,0.9526
WIX,13216,20260923-224113_p1_c1_r1,80,perf_20260923-224113_p1_c1_r1,0,80,1790196075015,0,1790196103717.275,31.067,49.021,1790196103797.363,Normal,0.9108
WIX,13216,20260923-224113_p1_c1_r1,81,perf_20260923-224113_p1_c1_r1,0,81,1790196075015,0,1790196103797.363,26.06,52.197,1790196103877.066,Normal,0.9423
WIX,13216,20260923-224113_p1_c1_r1,82,perf_20260923-224113_p1_c1_r1,0,82,1790196075015,0,1790196103877.066,29.579,47.343,1790196103955.131,Normal,0.9464
WIX,13216,20260923-224113_p1_c1_r1,83,perf_20260923-224113_p1_c1_r1,0,83,1790196075015,0,1790196103955.131,34.081,48.433,1790196104038.611,Normal,0.9674
WIX,13216,20260923-224113_p1_c1_r1,84,perf_20260923-224113_p1_c1_r1,0,84,1790196075015,0,1790196104038.611,31.97,53.421,1790196104125.508,Normal,0.9722
WIX,13216,20260923-224113_p1_c1_r1,85,perf_20260923-224113_p1_c1_r1,0,85,1790196075015,0,1790196104125.508,34.14,47.673,1790196104207.321,Normal,0.938
WIX,13216,20260923-224113_p1_c1_r1,86,perf_20260923-224113_p1_c1_r1,0,86,1790196075015,0,1790196104207.321,29.437,46.782,1790196104284.506,Normal,0.9203
WIX,13216,20260923-224113_p1_c1_r1,87,perf_20260923-224113_p1_c1_r1,0,87,1790196075015,0,1790196104284.506,33.687,52.672,1790196104371.848,Normal,0.9681
WIX,13216,20260923-224113_p1_c1_r1,88,perf_20260923-224113_p1_c1_r1,0,88,1790196075015,0,1790196104371.848,38.753,47.941,1790196104459.509,Normal,0.9779
WIX,13216,20260923-224113_p1_c1_r1,89,perf_20260923-224113_p1_c1_r1,0,89,1790196075015,0,1790196104460.511,27.087,46.833,1790196104535.406,Normal,0.9302
WIX,13216,20260923-224113_p1_c1_r1,90,perf_20260923-224113_p1_c1_r1,0,90,1790196075015,0,1790196104535.406,27.544,47.62,1790196104611.565,Normal,0.9231
WIX,13216,20260923-224113_p1_c1_r1,91,perf_20260923-224113_p1_c1_r1,0,91,1790196075015,0,1790196104611.565,25.28,47.411,1790196104685.786,Normal,0.9119
WIX,13216,20260923-224113_p1_c1_r1,92,perf_20260923-224113_p1_c1_r1,0,92,1790196075015,0,1790196104685.786,65.948,48.956,1790196104801.66,Normal,0.9725
WIX,13216,20260923-224113_p1_c1_r1,93,perf_20260923-224113_p1_c1_r1,0,93,1790196075015,0,1790196104801.66,46.95,50.799,1790196104900.417,Normal,0.9747
WIX,13216,20260923-224113_p1_c1_r1,94,perf_20260923-224113_p1_c1_r1,0,94,1790196075016,0,1790196104900.417,24.652,51.455,1790196104977.556,Normal,0.9375
WIX,13216,20260923-224113_p1_c1_r1,95,perf_20260923-224113_p1_c1_r1,0,95,1790196075016,0,1790196104977.556,36.46,49.346,1790196105064.198,HATE,0.359
WIX,13216,20260923-224113_p1_c1_r1,96,perf_20260923-224113_p1_c1_r1,0,96,1790196075016,0,1790196105065.233,29.866,51.297,1790196105147.38,Normal,0.8926
WIX,13216,20260923-224113_p1_c1_r1,97,perf_20260923-224113_p1_c1_r1,0,97,1790196075016,0,1790196105147.38,26.017,46.519,1790196105221.134,Normal,0.9344
WIX,13216,20260923-224113_p1_c1_r1,98,perf_20260923-224113_p1_c1_r1,0,98,1790196075016,0,1790196105221.134,34.988,49.045,1790196105305.167,Normal,0.9529
WIX,13216,20260923-224113_p1_c1_r1,99,perf_20260923-224113_p1_c1_r1,0,99,1790196075016,0,1790196105306.182,26.653,52.112,1790196105386.461,Normal,0.9423
WIX,13216,20260923-224113_p1_c1_r1,100,perf_20260923-224113_p1_c1_r1,0,100,1790196075016,0,1790196105387.46,25.892,49.306,1790196105462.658,Normal,0.903
WIX,13216,20260923-224113_p1_c1_r1,101,perf_20260923-224113_p1_c1_r1,0,101,1790196075016,0,1790196105463.684,28.196,46.515,1790196105538.395,Normal,0.9468
WIX,13216,20260923-224113_p1_c1_r1,102,perf_20260923-224113_p1_c1_r1,0,102,1790196075016,0,1790196105538.395,31.629,47.016,1790196105617.04,Normal,0.697
WIX,13216,20260923-224113_p1_c1_r1,103,perf_20260923-224113_p1_c1_r1,0,103,1790196075016,0,1790196105618.07,27.43,50.706,1790196105697.245,Normal,0.9572
WIX,13216,20260923-224113_p1_c1_r1,104,perf_20260923-224113_p1_c1_r1,0,104,1790196075016,0,1790196105697.792,43.441,50.286,1790196105791.519,Normal,0.6064
WIX,13216,20260923-224113_p1_c1_r1,105,perf_20260923-224113_p1_c1_r1,0,105,1790196075016,0,1790196105791.519,43.318,49.293,1790196105884.129,Normal,0.8747
WIX,13216,20260923-224113_p1_c1_r1,106,perf_20260923-224113_p1_c1_r1,0,106,1790196075016,0,1790196105884.129,44.939,53.54,1790196105983.786,Normal,0.9723
WIX,13216,20260923-224113_p1_c1_r1,107,perf_20260923-224113_p1_c1_r1,0,107,1790196075016,0,1790196105983.786,35.468,48.614,1790196106067.867,Normal,0.9723
WIX,13216,20260923-224113_p1_c1_r1,108,perf_20260923-224113_p1_c1_r1,0,108,1790196075016,0,1790196106067.867,28.778,48.825,1790196106146.284,Normal,0.9451
WIX,13216,20260923-224113_p1_c1_r1,109,perf_20260923-224113_p1_c1_r1,0,109,1790196075017,0,1790196106146.284,28.213,53.539,1790196106229.077,Normal,0.9695
WIX,13216,20260923-224113_p1_c1_r1,110,perf_20260923-224113_p1_c1_r1,0,110,1790196075017,0,1790196106230.115,25.196,46.627,1790196106302.934,Normal,0.9491
WIX,13216,20260923-224113_p1_c1_r1,111,perf_20260923-224113_p1_c1_r1,0,111,1790196075017,0,1790196106302.934,32.352,48.004,1790196106384.297,Normal,0.9473
WIX,13216,20260923-224113_p1_c1_r1,112,perf_20260923-224113_p1_c1_r1,0,112,1790196075017,0,1790196106384.297,39.547,49.557,1790196106474.402,Normal,0.9517
WIX,13216,20260923-224113_p1_c1_r1,113,perf_20260923-224113_p1_c1_r1,0,113,1790196075017,0,1790196106475.41,31.507,46.635,1790196106553.552,Normal,0.9473
WIX,13216,20260923-224113_p1_c1_r1,114,perf_20260923-224113_p1_c1_r1,0,114,1790196075017,0,1790196106553.552,28.034,49.48,1790196106632.177,Normal,0.8661
WIX,13216,20260923-224113_p1_c1_r1,115,perf_20260923-224113_p1_c1_r1,0,115,1790196075017,0,1790196106633.197,42.778,47.102,1790196106723.582,Normal,0.9566
WIX,13216,20260923-224113_p1_c1_r1,116,perf_20260923-224113_p1_c1_r1,0,116,1790196075017,0,1790196106723.582,35.304,49.69,1790196106809.884,Normal,0.9662
WIX,13216,20260923-224113_p1_c1_r1,117,perf_20260923-224113_p1_c1_r1,0,117,1790196075017,0,1790196106809.884,33.826,45.144,1790196106889.855,Normal,0.9727
WIX,13216,20260923-224113_p1_c1_r1,118,perf_20260923-224113_p1_c1_r1,0,118,1790196075017,0,1790196106889.855,28.802,52.518,1790196106971.175,Normal,0.9516
WIX,13216,20260923-224113_p1_c1_r1,119,perf_20260923-224113_p1_c1_r1,0,119,1790196075017,0,1790196106971.175,28.929,47.143,1790196107047.787,Normal,0.955
WIX,13216,20260923-224113_p1_c1_r1,120,perf_20260923-224113_p1_c1_r1,0,120,1790196075017,0,1790196107048.361,38.574,46.526,1790196107134.035,Normal,0.9254
WIX,13216,20260923-224113_p1_c1_r1,121,perf_20260923-224113_p1_c1_r1,0,121,1790196075017,0,1790196107134.579,164.005,49.158,1790196107348.302,Normal,0.98
WIX,13216,20260923-224113_p1_c1_r1,122,perf_20260923-224113_p1_c1_r1,0,122,1790196075017,0,1790196107348.302,28.319,52.366,1790196107429.551,Normal,0.931
WIX,13216,20260923-224113_p1_c1_r1,123,perf_20260923-224113_p1_c1_r1,0,123,1790196075017,0,1790196107430.554,27.846,48.687,1790196107508.087,Normal,0.9491
WIX,13216,20260923-224113_p1_c1_r1,124,perf_20260923-224113_p1_c1_r1,0,124,1790196075017,0,1790196107508.087,45.91,56.071,1790196107610.069,Normal,0.9583
WIX,13216,20260923-224113_p1_c1_r1,125,perf_20260923-224113_p1_c1_r1,0,125,1790196075018,0,1790196107610.069,35.338,47.316,1790196107692.722,Normal,0.9457
WIX,13216,20260923-224113_p1_c1_r1,126,perf_20260923-224113_p1_c1_r1,0,126,1790196075018,0,1790196107693.231,37.818,52.672,1790196107783.722,Normal,0.9303
WIX,13216,20260923-224113_p1_c1_r1,127,perf_20260923-224113_p1_c1_r1,0,127,1790196075018,0,1790196107784.723,34.315,49.802,1790196107869.354,Normal,0.9557
WIX,13216,20260923-224113_p1_c1_r1,128,perf_20260923-224113_p1_c1_r1,0,128,1790196075018,0,1790196107869.861,39.623,45.642,1790196107955.577,Normal,0.5178
WIX,13216,20260923-224113_p1_c1_r1,129,perf_20260923-224113_p1_c1_r1,0,129,1790196075018,0,1790196107956.576,42.914,46.764,1790196108046.253,Normal,0.977
WIX,13216,20260923-224113_p1_c1_r1,130,perf_20260923-224113_p1_c1_r1,0,130,1790196075018,0,1790196108046.253,30.862,53.933,1790196108131.048,Normal,0.9159
WIX,13216,20260923-224113_p1_c1_r1,131,perf_20260923-224113_p1_c1_r1,0,131,1790196075018,0,1790196108131.048,45.67,49.252,1790196108226.97,Normal,0.9709
WIX,13216,20260923-224113_p1_c1_r1,132,perf_20260923-224113_p1_c1_r1,0,132,1790196075018,0,1790196108226.97,56.344,48.249,1790196108332.563,Normal,0.9433
WIX,13216,20260923-224113_p1_c1_r1,133,perf_20260923-224113_p1_c1_r1,0,133,1790196075018,0,1790196108333.114,38.832,46.764,1790196108418.709,Normal,0.9768
WIX,13216,20260923-224113_p1_c1_r1,134,perf_20260923-224113_p1_c1_r1,0,134,1790196075018,0,1790196108418.709,35.403,48.914,1790196108503.026,Normal,0.9451
WIX,13216,20260923-224113_p1_c1_r1,135,perf_20260923-224113_p1_c1_r1,0,135,1790196075018,0,1790196108503.026,32.539,44.864,1790196108580.429,Normal,0.9375
WIX,13216,20260923-224113_p1_c1_r1,136,perf_20260923-224113_p1_c1_r1,0,136,1790196075018,0,1790196108581.432,33.799,47.749,1790196108663.994,Normal,0.9676
WIX,13216,20260923-224113_p1_c1_r1,137,perf_20260923-224113_p1_c1_r1,0,137,1790196075018,0,1790196108663.994,31.435,48.493,1790196108745.025,Normal,0.9457
WIX,13216,20260923-224113_p1_c1_r1,138,perf_20260923-224113_p1_c1_r1,0,138,1790196075018,0,1790196108746.05,25.021,48.497,1790196108820.611,Normal,0.9375
WIX,13216,20260923-224113_p1_c1_r1,139,perf_20260923-224113_p1_c1_r1,0,139,1790196075018,0,1790196108820.611,34.229,52.931,1790196108907.771,Normal,0.8876
WIX,13216,20260923-224113_p1_c1_r1,140,perf_20260923-224113_p1_c1_r1,0,140,1790196075018,0,1790196108907.771,26.594,47.996,1790196108983.322,Normal,0.9075
WIX,13216,20260923-224113_p1_c1_r1,141,perf_20260923-224113_p1_c1_r1,0,141,1790196075019,0,1790196108983.828,31.422,48.775,1790196109064.026,Normal,0.9677
WIX,13216,20260923-224113_p1_c1_r1,142,perf_20260923-224113_p1_c1_r1,0,142,1790196075019,0,1790196109064.026,53.313,48.964,1790196109167.128,Normal,0.9561
WIX,13216,20260923-224113_p1_c1_r1,143,perf_20260923-224113_p1_c1_r1,0,143,1790196075019,0,1790196109168.187,32.833,51.035,1790196109252.055,Normal,0.9798
WIX,13216,20260923-224113_p1_c1_r1,144,perf_20260923-224113_p1_c1_r1,0,144,1790196075019,0,1790196109253.042,43.618,52.795,1790196109350.039,Normal,0.9301
WIX,13216,20260923-224113_p1_c1_r1,145,perf_20260923-224113_p1_c1_r1,0,145,1790196075019,0,1790196109350.039,93.929,52.966,1790196109496.934,Normal,0.9518
WIX,13216,20260923-224113_p1_c1_r1,146,perf_20260923-224113_p1_c1_r1,0,146,1790196075019,0,1790196109497.516,35.213,48.753,1790196109582.48,Normal,0.9172
WIX,13216,20260923-224113_p1_c1_r1,147,perf_20260923-224113_p1_c1_r1,0,147,1790196075019,0,1790196109583.009,36.278,55.451,1790196109674.739,Normal,0.9611
WIX,13216,20260923-224113_p1_c1_r1,148,perf_20260923-224113_p1_c1_r1,0,148,1790196075019,0,1790196109674.739,49.494,52.469,1790196109776.702,Normal,0.6353
WIX,13216,20260923-224113_p1_c1_r1,149,perf_20260923-224113_p1_c1_r1,0,149,1790196075019,0,1790196109776.702,38.834,48.663,1790196109865.206,Normal,0.9031
WIX,13216,20260923-224113_p1_c1_r1,150,perf_20260923-224113_p1_c1_r1,0,150,1790196075019,0,1790196109865.206,28.309,47.773,1790196109942.239,Normal,0.9473
WIX,13216,20260923-224113_p1_c1_r1,151,perf_20260923-224113_p1_c1_r1,0,151,1790196075019,0,1790196109942.239,31.825,53.736,1790196110028.805,Normal,0.967
WIX,13216,20260923-224113_p1_c1_r1,152,perf_20260923-224113_p1_c1_r1,0,152,1790196075019,0,1790196110028.805,35.317,47.736,1790196110111.858,Normal,0.9445
WIX,13216,20260923-224113_p1_c1_r1,153,perf_20260923-224113_p1_c1_r1,0,153,1790196075019,0,1790196110111.858,64.477,47.796,1790196110225.339,Normal,0.9745
WIX,13216,20260923-224113_p1_c1_r1,154,perf_20260923-224113_p1_c1_r1,0,154,1790196075019,0,1790196110226.372,31.183,51.906,1790196110310.067,Normal,0.9198
WIX,13216,20260923-224113_p1_c1_r1,155,perf_20260923-224113_p1_c1_r1,0,155,1790196075019,0,1790196110310.067,34.637,46.582,1790196110391.732,Normal,0.9655
WIX,13216,20260923-224113_p1_c1_r1,156,perf_20260923-224113_p1_c1_r1,0,156,1790196075020,0,1790196110391.732,32.856,47.486,1790196110472.074,Normal,0.9041
WIX,13216,20260923-224113_p1_c1_r1,157,perf_20260923-224113_p1_c1_r1,0,157,1790196075020,0,1790196110473.087,29.178,49.575,1790196110551.84,Normal,0.7648
WIX,13216,20260923-224113_p1_c1_r1,158,perf_20260923-224113_p1_c1_r1,0,158,1790196075020,0,1790196110552.846,47.986,47.703,1790196110648.536,Normal,0.8827
WIX,13216,20260923-224113_p1_c1_r1,159,perf_20260923-224113_p1_c1_r1,0,159,1790196075020,0,1790196110649.539,38.851,48.402,1790196110736.792,Normal,0.8739
WIX,13216,20260923-224113_p1_c1_r1,160,perf_20260923-224113_p1_c1_r1,0,160,1790196075020,0,1790196110737.823,30.078,51.174,1790196110820.169,Normal,0.925
WIX,13216,20260923-224113_p1_c1_r1,161,perf_20260923-224113_p1_c1_r1,0,161,1790196075020,0,1790196110821.167,30.128,49.712,1790196110902.007,Normal,0.974
WIX,13216,20260923-224113_p1_c1_r1,162,perf_20260923-224113_p1_c1_r1,0,162,1790196075020,0,1790196110902.007,28.042,49.086,1790196110979.751,Normal,0.9426
WIX,13216,20260923-224113_p1_c1_r1,163,perf_20260923-224113_p1_c1_r1,0,163,1790196075020,0,1790196110979.751,88.768,51.661,1790196111121.255,OFFENSIVE,0.953
WIX,13216,20260923-224113_p1_c1_r1,164,perf_20260923-224113_p1_c1_r1,0,164,1790196075020,0,1790196111121.255,34.145,45.875,1790196111202.275,Normal,0.9366
WIX,13216,20260923-224113_p1_c1_r1,165,perf_20260923-224113_p1_c1_r1,0,165,1790196075020,0,1790196111202.275,26.39,50.116,1790196111279.78,Normal,0.9347
WIX,13216,20260923-224113_p1_c1_r1,166,perf_20260923-224113_p1_c1_r1,0,166,1790196075020,0,1790196111279.78,27.167,49.999,1790196111357.947,Normal,0.9548
WIX,13216,20260923-224113_p1_c1_r1,167,perf_20260923-224113_p1_c1_r1,0,167,1790196075020,0,1790196111357.947,24.016,51.446,1790196111435.014,Normal,0.9428
WIX,13216,20260923-224113_p1_c1_r1,168,perf_20260923-224113_p1_c1_r1,0,168,1790196075020,0,1790196111436.32,33.953,50.455,1790196111521.728,Normal,0.9462
WIX,13216,20260923-224113_p1_c1_r1,169,perf_20260923-224113_p1_c1_r1,0,169,1790196075020,0,1790196111521.728,26.614,51.63,1790196111600.941,Normal,0.9423
WIX,13216,20260923-224113_p1_c1_r1,170,perf_20260923-224113_p1_c1_r1,0,170,1790196075020,0,1790196111600.941,27.312,47.7,1790196111675.953,Normal,0.912
WIX,13216,20260923-224113_p1_c1_r1,171,perf_20260923-224113_p1_c1_r1,0,171,1790196075020,0,1790196111676.98,25.979,51.805,1790196111756.435,Normal,0.955
WIX,13216,20260923-224113_p1_c1_r1,172,perf_20260923-224113_p1_c1_r1,0,172,1790196075021,0,1790196111756.435,28.038,52.362,1790196111837.8,Normal,0.9561
WIX,13216,20260923-224113_p1_c1_r1,173,perf_20260923-224113_p1_c1_r1,0,173,1790196075021,0,1790196111838.8,32.465,51.811,1790196111923.076,Normal,0.9694
WIX,13216,20260923-224113_p1_c1_r1,174,perf_20260923-224113_p1_c1_r1,0,174,1790196075021,0,1790196111923.076,32.669,53.296,1790196112009.041,Normal,0.9478
WIX,13216,20260923-224113_p1_c1_r1,175,perf_20260923-224113_p1_c1_r1,0,175,1790196075021,0,1790196112009.041,30.291,48.403,1790196112088.533,Normal,0.9651
WIX,13216,20260923-224113_p1_c1_r1,176,perf_20260923-224113_p1_c1_r1,0,176,1790196075021,0,1790196112089.535,31.271,48.114,1790196112169.883,Normal,0.9696
WIX,13216,20260923-224113_p1_c1_r1,177,perf_20260923-224113_p1_c1_r1,0,177,1790196075021,0,1790196112169.883,34.246,51.719,1790196112255.848,Normal,0.7334
WIX,13216,20260923-224113_p1_c1_r1,178,perf_20260923-224113_p1_c1_r1,0,178,1790196075021,0,1790196112255.848,33.318,50.858,1790196112340.024,Normal,0.9034
WIX,13216,20260923-224113_p1_c1_r1,179,perf_20260923-224113_p1_c1_r1,0,179,1790196075021,0,1790196112340.024,37.015,50.065,1790196112428.104,Normal,0.9374
WIX,13216,20260923-224113_p1_c1_r1,180,perf_20260923-224113_p1_c1_r1,0,180,1790196075021,0,1790196112428.104,32.498,48.897,1790196112510.648,Normal,0.9432
WIX,13216,20260923-224113_p1_c1_r1,181,perf_20260923-224113_p1_c1_r1,0,181,1790196075021,0,1790196112510.648,30.182,47.945,1790196112588.775,Normal,0.8505
WIX,13216,20260923-224113_p1_c1_r1,182,perf_20260923-224113_p1_c1_r1,0,182,1790196075021,0,1790196112589.776,31.802,47.919,1790196112670.676,Normal,0.7078
WIX,13216,20260923-224113_p1_c1_r1,183,perf_20260923-224113_p1_c1_r1,0,183,1790196075021,0,1790196112670.676,29.868,48.601,1790196112750.139,Normal,0.9428
WIX,13216,20260923-224113_p1_c1_r1,184,perf_20260923-224113_p1_c1_r1,0,184,1790196075021,0,1790196112750.139,37.501,47.22,1790196112834.86,Normal,0.8799
WIX,13216,20260923-224113_p1_c1_r1,185,perf_20260923-224113_p1_c1_r1,0,185,1790196075021,0,1790196112834.86,30.838,52.047,1790196112918.024,Normal,0.9254
WIX,13216,20260923-224113_p1_c1_r1,186,perf_20260923-224113_p1_c1_r1,0,186,1790196075021,0,1790196112918.024,25.624,44.965,1790196112989.534,Normal,0.9171
WIX,13216,20260923-224113_p1_c1_r1,187,perf_20260923-224113_p1_c1_r1,0,187,1790196075021,0,1790196112989.534,29.482,47.964,1790196113066.98,Normal,0.9344
WIX,13216,20260923-224113_p1_c1_r1,188,perf_20260923-224113_p1_c1_r1,0,188,1790196075023,0,1790196113066.98,25.053,49.603,1790196113143.18,Normal,0.9539
WIX,13216,20260923-224113_p1_c1_r1,189,perf_20260923-224113_p1_c1_r1,0,189,1790196075023,0,1790196113143.18,33.044,50.57,1790196113227.728,Normal,0.8967
WIX,13216,20260923-224113_p1_c1_r1,190,perf_20260923-224113_p1_c1_r1,0,190,1790196075023,0,1790196113227.728,46.803,53.908,1790196113328.946,Normal,0.9633
WIX,13216,20260923-224113_p1_c1_r1,191,perf_20260923-224113_p1_c1_r1,0,191,1790196075023,0,1790196113328.946,33.499,46.785,1790196113409.763,Normal,0.9254
WIX,13216,20260923-224113_p1_c1_r1,192,perf_20260923-224113_p1_c1_r1,0,192,1790196075023,0,1790196113410.727,28.293,46.278,1790196113486.214,Normal,0.9255
WIX,13216,20260923-224113_p1_c1_r1,193,perf_20260923-224113_p1_c1_r1,0,193,1790196075023,0,1790196113486.214,29.921,50.447,1790196113567.111,Normal,0.9255
WIX,13216,20260923-224113_p1_c1_r1,194,perf_20260923-224113_p1_c1_r1,0,194,1790196075023,0,1790196113567.111,26.026,50.468,1790196113643.605,Normal,0.9424
WIX,13216,20260923-224113_p1_c1_r1,195,perf_20260923-224113_p1_c1_r1,0,195,1790196075023,0,1790196113643.605,26.654,52.089,1790196113723.55,Normal,0.8879
WIX,13216,20260923-224113_p1_c1_r1,196,perf_20260923-224113_p1_c1_r1,0,196,1790196075023,0,1790196113724.549,25.584,53.359,1790196113804.488,Normal,0.931
WIX,13216,20260923-224113_p1_c1_r1,197,perf_20260923-224113_p1_c1_r1,0,197,1790196075023,0,1790196113805.484,68.655,50.716,1790196113925.814,Normal,0.9516
WIX,13216,20260923-224113_p1_c1_r1,198,perf_20260923-224113_p1_c1_r1,0,198,1790196075023,0,1790196113925.814,27.677,47.472,1790196114000.962,Normal,0.8785
WIX,13216,20260923-224113_p1_c1_r1,199,perf_20260923-224113_p1_c1_r1,0,199,1790196075024,0,1790196114000.962,37.466,48.785,1790196114088.729,Normal,0.8925
